TYPE,SITE_ID,SITE_PID,SITE_TYPE,NAME_ENG,NAME,DESIG,DESIG_ENG,DESIG_TYPE,IUCN_CAT,INT_CRIT,REALM,REP_M_AREA,GIS_M_AREA,REP_AREA,GIS_AREA,NO_TAKE,NO_TK_AREA,STATUS,STATUS_YR,GOV_TYPE,GOVSUBTYPE,OWN_TYPE,OWNSUBTYPE,MANG_AUTH,MANG_PLAN,VERIF,METADATAID,PRNT_ISO3,ISO3,SUPP_INFO,CONS_OBJ,INLND_WTRS,OECM_ASMT
Polygon,10744,10744,PA,Kaziranga National Park,Parc national de Kaziranga,World Heritage Site (natural or mixed),World Heritage Site (natural or mixed),International,Not Applicable,"(ix);(x)",Terrestrial,0,0,429.96,432.200265618519,Not Applicable,0,Inscribed,1985,Not Reported,Not Applicable,Not Reported,Not Applicable,Not Reported,Not Reported,State Verified,946,IND,IND,Not Applicable,Not Applicable,Not Reported,Not Applicable
Polygon,10745,10745,PA,Manas Wildlife Sanctuary,Sanctuaire de faune de Manas,World Heritage Site (natural or mixed),World Heritage Site (natural or mixed),International,Not Applicable,"(ix);(vii);(x)",Terrestrial,0,0,391,448.919903079918,Not Applicable,0,Inscribed,1985,Not Reported,Not Applicable,Not Reported,Not Applicable,Not Reported,Not Reported,State Verified,946,IND,IND,Not Applicable,Not Applicable,Not Reported,Not Applicable
Polygon,10746,10746,PA,Keoladeo National Park,Parc national de Keoladeo,World Heritage Site (natural or mixed),World Heritage Site (natural or mixed),International,Not Applicable,(x),Terrestrial,0,0,28.73,29.3881580137897,Not Applicable,0,Inscribed,1985,Not Reported,Not Applicable,Not Reported,Not Applicable,Not Reported,Not Reported,State Verified,946,IND,IND,Not Applicable,Not Applicable,Not Reported,Not Applicable
Polygon,14177,14177,PA,Sundarbans National Park,Parc national des Sundarbans,World Heritage Site (natural or mixed),World Heritage Site (natural or mixed),International,Not Applicable,"(ix);(x)",Coastal,0,241.595683219426,1330.1,1038.34317659393,Not Reported,0,Inscribed,1987,Not Reported,Not Applicable,Not Reported,Not Applicable,Not Reported,Not Reported,State Verified,946,IND,IND,Not Applicable,Not Applicable,Not Reported,Not Applicable
Polygon,16793,16793,PA,Nanda Devi and Valley of Flowers National Parks,Parcs nationaux de Nanda Devi et de la Vallée des fleurs,World Heritage Site (natural or mixed),World Heritage Site (natural or mixed),International,Not Applicable,"(vii);(x)",Terrestrial,0,0,712.1,736.440860487641,Not Applicable,0,Inscribed,1988,Not Reported,Not Applicable,Not Reported,Not Applicable,Not Reported,Not Reported,State Verified,946,IND,IND,Not Applicable,Not Applicable,Not Reported,Not Applicable
Polygon,68005,68005,PA,Chilika Lake,Chilika Lake,Wetland of International Importance (Ramsar Site),Wetland of International Importance (Ramsar Site),International,Not Reported,Not Reported,Coastal,0,738.558937047377,1165,1277.75746487664,Not Reported,0,Designated,1981,Not Reported,Not Applicable,Not Reported,Not Applicable,Not Reported,Management plan is implented and available,State Verified,1856,IND,IND,Not Applicable,Not Applicable,Not Reported,Not Applicable
Polygon,68006,68006,PA,Keoladeo National Park,Keoladeo National Park,Wetland of International Importance (Ramsar Site),Wetland of International Importance (Ramsar Site),International,Not Reported,Not Reported,Terrestrial,0,0,28.73,30.911375528195,Not Applicable,0,Designated,1981,Not Reported,Not Applicable,Not Reported,Not Applicable,Not Reported,Management plan is implented and available,State Verified,1856,IND,IND,Not Applicable,Not Applicable,Not Reported,Not Applicable
Polygon,68007,68007,PA,Wular Lake,Wular Lake,Wetland of International Importance (Ramsar Site),Wetland of International Importance (Ramsar Site),International,Not Reported,Not Reported,Terrestrial,0,0,189,47.5146614173461,Not Applicable,0,Designated,1990,Not Reported,Not Applicable,Not Reported,Not Applicable,Not Reported,Management plan is implented and available,State Verified,1856,IND,IND,Not Applicable,Not Applicable,Not Reported,Not Applicable
Polygon,68009,68009,PA,Loktak Lake,Loktak Lake,Wetland of International Importance (Ramsar Site),Wetland of International Importance (Ramsar Site),International,Not Reported,Not Reported,Terrestrial,0,0,266,271.253807325996,Not Applicable,0,Designated,1990,Not Reported,Not Applicable,Not Reported,Not Applicable,Not Reported,Management plan is implented and available,State Verified,1856,IND,IND,Not Applicable,Not Applicable,Not Reported,Not Applicable
Polygon,68010,68010,PA,Sambhar Lake,Sambhar Lake,Wetland of International Importance (Ramsar Site),Wetland of International Importance (Ramsar Site),International,Not Reported,Not Reported,Terrestrial,0,0,240,196.900872533505,Not Applicable,0,Designated,1990,Not Reported,Not Applicable,Not Reported,Not Applicable,Not Reported,Management plan is not implented and not available,State Verified,1856,IND,IND,Not Applicable,Not Applicable,Not Reported,Not Applicable
Polygon,902492,902492,PA,Nanda Devi,Nanda Devi,UNESCO-MAB Biosphere Reserve,UNESCO-MAB Biosphere Reserve,International,Not Applicable,Not Applicable,Terrestrial,0,0,17582.07,5665.74626187854,Not Applicable,0,Designated,2004,Not Reported,Not Applicable,Not Reported,Not Applicable,Not Reported,Not Reported,State Verified,626,IND,IND,Not Applicable,Not Applicable,Not Reported,Not Applicable
Polygon,555547990,555547990,PA,Western Ghats,Ghâts occidentaux,World Heritage Site (natural or mixed),World Heritage Site (natural or mixed),International,Not Applicable,"(ix);(x)",Terrestrial,0,0,7953.15,8115.15086008499,Not Applicable,0,Inscribed,2012,Not Reported,Not Applicable,Not Reported,Not Applicable,Not Reported,Not Reported,State Verified,946,IND,IND,Not Applicable,Not Applicable,Not Reported,Not Applicable
Polygon,555577557,555577557,PA,Great Himalayan National Park Conservation Area,Aire de conservation du Parc national du Grand Himalaya,World Heritage Site (natural or mixed),World Heritage Site (natural or mixed),International,Not Applicable,(x),Terrestrial,0,0,905.4,822.389804305113,Not Applicable,0,Inscribed,2014,Not Reported,Not Applicable,Not Reported,Not Applicable,Not Reported,Not Reported,State Verified,946,IND,IND,Not Applicable,Not Applicable,Not Reported,Not Applicable
Polygon,555622043,555622043,PA,Khangchendzonga National Park,Parc national de Khangchendzonga,World Heritage Site (natural or mixed),World Heritage Site (natural or mixed),International,Not Applicable,"(iii);(vi);(vii);(x)",Terrestrial,0,0,1784,1738.98456585027,Not Applicable,0,Inscribed,2016,Not Reported,Not Applicable,Not Reported,Not Applicable,Not Reported,Not Reported,State Verified,946,IND,IND,Not Applicable,Not Applicable,Not Reported,Not Applicable
Polygon,555795276,555795276,PA,Sundarban Wetland,Sundarban Reserve Forest,Wetland of International Importance (Ramsar Site),Wetland of International Importance (Ramsar Site),International,Ia,"(ii);(iii);(vii);(viii)",Coastal,0,2055.22063512133,4230,4243.77409377187,Not Reported,0,Designated,2019,Not Reported,Not Applicable,State,Not Applicable,Full information available from the Ramsar Sites Information Service (RSIS) website - https://rsis.ramsar.org/ris/2370,Site management information available at: https://rsis.ramsar.org/ris/2370,State Verified,2123,IND,IND,More information available at: https://rsis.ramsar.org/ris/2370,Not Applicable,Not Reported,Not Applicable
Polygon,555795296,555795296,PA,Nangal Wildlife Sanctuary,Nangal Wildlife Sanctuary,Wetland of International Importance (Ramsar Site),Wetland of International Importance (Ramsar Site),International,Ib,"(ii);(iii)",Terrestrial,0,0,1.16,1.16352529341515,Not Applicable,0,Designated,2019,Not Reported,Not Applicable,Joint ownership,Not Reported,"Rupnagar Wildlife Division, Department of Forests and Wildlife Preservation, Punjab",Site management information available at: https://rsis.ramsar.org/ris/2407,State Verified,2123,IND,IND,More information available at: https://rsis.ramsar.org/ris/2407,Not Applicable,Not Reported,Not Applicable
Polygon,555795297,555795297,PA,Beas Conservation Reserve,Beas Conservation Reserve,Wetland of International Importance (Ramsar Site),Wetland of International Importance (Ramsar Site),International,Ib,"(ii);(vii)",Terrestrial,0,0,64.2892,64.2901973725056,Not Applicable,0,Designated,2019,Not Reported,Not Applicable,Joint ownership,Not Reported,"The Beas conservation reserve is managed by the Department of Forests and Wildlife Preservation, Punjab through the Wildlife Divisions of Pathankot, Hoshiarpur, Phillaur and Ferozepur at the local level.",Site management information available at: https://rsis.ramsar.org/ris/2408,State Verified,2123,IND,IND,More information available at: https://rsis.ramsar.org/ris/2408,Not Applicable,Not Reported,Not Applicable
Polygon,555795298,555795298,PA,Sandi Bird Sanctuary,Dahr Lake,Wetland of International Importance (Ramsar Site),Wetland of International Importance (Ramsar Site),International,IV,"(ii);(iii);(iv);(v);(vi);(vii)",Terrestrial,0,0,3.0854,3.01469308128734,Not Applicable,0,Designated,2019,Not Reported,Not Applicable,State,Not Applicable,"Sandi Bird Sanctuary; Endangered Project",Site management information available at: https://rsis.ramsar.org/ris/2409,State Verified,2123,IND,IND,More information available at: https://rsis.ramsar.org/ris/2409,Not Applicable,Not Reported,Not Applicable
Polygon,555795299,555795299,PA,Nandur Madhameshwar,Nandur Madhameshwar,Wetland of International Importance (Ramsar Site),Wetland of International Importance (Ramsar Site),International,IV,"(ii);(iii);(iv);(v);(vi);(vii);(viii)",Terrestrial,0,0,14.37,14.3715598411147,Not Applicable,0,Designated,2019,Not Reported,Not Applicable,Joint ownership,Not Reported,"Office of Conservator of Forests (Wildlife), Nashik",Site management information available at: https://rsis.ramsar.org/ris/2410,State Verified,2123,IND,IND,More information available at: https://rsis.ramsar.org/ris/2410,Not Applicable,Not Reported,Not Applicable
Polygon,555795300,555795300,PA,Sarsai Nawar Jheel,Sarsai Nawar Jheel,Wetland of International Importance (Ramsar Site),Wetland of International Importance (Ramsar Site),International,VI,"(ii);(iii);(v);(vii);(viii)",Terrestrial,0,0,1.6127,1.61580945987001,Not Applicable,0,Designated,2019,Not Reported,Not Applicable,Joint ownership,Not Reported,Full information available from the Ramsar Sites Information Service (RSIS) website - https://rsis.ramsar.org/ris/2411,Site management information available at: https://rsis.ramsar.org/ris/2411,State Verified,2123,IND,IND,More information available at: https://rsis.ramsar.org/ris/2411,Not Applicable,Not Reported,Not Applicable
Polygon,555795301,555795301,PA,Nawabganj Bird Sanctuary,Kulli ban Jheel,Wetland of International Importance (Ramsar Site),Wetland of International Importance (Ramsar Site),International,IV,"(ii);(iii);(iv);(v);(vi)",Terrestrial,0,0,2.246,2.30065391243512,Not Applicable,0,Designated,2019,Not Reported,Not Applicable,State,Not Applicable,"Shaheed Chandra Shekhar Azad Bird Sanctuary; Endangered Project, U.P.; Endangered Project, U.P.",Site management information available at: https://rsis.ramsar.org/ris/2412,State Verified,2123,IND,IND,More information available at: https://rsis.ramsar.org/ris/2412,Not Applicable,Not Reported,Not Applicable
Polygon,555795302,555795302,PA,Saman Bird Sanctuary,Saman Bird Sanctuary,Wetland of International Importance (Ramsar Site),Wetland of International Importance (Ramsar Site),International,IV,"(ii);(iii);(iv);(v);(vi)",Terrestrial,0,0,5.263,5.27716269033577,Not Applicable,0,Designated,2019,Not Reported,Not Applicable,Joint ownership,Not Reported,"Saman Bird Sanctuary; National Chambal Sanctuary Project; National Chambal Sanctuary Project",Site management information available at: https://rsis.ramsar.org/ris/2413,State Verified,2123,IND,IND,More information available at: https://rsis.ramsar.org/ris/2413,Not Applicable,Not Reported,Not Applicable
Polygon,555795303,555795303,PA,Keshopur-Miani Community Reserve,Keshopur-Miani Community Reserve,Wetland of International Importance (Ramsar Site),Wetland of International Importance (Ramsar Site),International,V,"(ii);(v)",Terrestrial,0,0,3.439,3.44365309529936,Not Applicable,0,Designated,2019,Not Reported,Not Applicable,Joint ownership,Not Reported,"The community reserve is managed by a management committee formed by the Department of Forests and Wildlife Preservation, Punjab.",Site management information available at: https://rsis.ramsar.org/ris/2414,State Verified,2123,IND,IND,More information available at: https://rsis.ramsar.org/ris/2414,Not Applicable,Not Reported,Not Applicable
Polygon,555795304,555795304,PA,Samaspur Bird Sanctuary,Samaspur Bird Sanctuary,Wetland of International Importance (Ramsar Site),Wetland of International Importance (Ramsar Site),International,IV,"(ii);(iii);(iv);(v);(vi);(vii)",Terrestrial,0,0,7.99371,8.00084406684071,Not Applicable,0,Designated,2019,Not Reported,Not Applicable,Joint ownership,Not Reported,"Samaspur Bird Sanctuary; Endangered Project; Endangered Project",Site management information available at: https://rsis.ramsar.org/ris/2415,State Verified,2123,IND,IND,More information available at: https://rsis.ramsar.org/ris/2415,Not Applicable,Not Reported,Not Applicable
Polygon,555795305,555795305,PA,Parvati Arga Bird Sanctuary,Parvati Arga Bird Sanctuary,Wetland of International Importance (Ramsar Site),Wetland of International Importance (Ramsar Site),International,IV,"(ii);(iii);(iv);(v);(viii)",Terrestrial,0,0,7.22,7.22872485671508,Not Applicable,0,Designated,2019,Not Reported,Not Applicable,Joint ownership,Not Reported,"Parvati Arga Bird Sanctuary; Sohelwa Wildlife Division; Wildlife, Eastern, Gonda",Site management information available at: https://rsis.ramsar.org/ris/2416,State Verified,2123,IND,IND,More information available at: https://rsis.ramsar.org/ris/2416,Not Applicable,Not Reported,Not Applicable
Polygon,555795320,555795320,PA,Kabartal Wetland,Kanwar jheel,Wetland of International Importance (Ramsar Site),Wetland of International Importance (Ramsar Site),International,IV,"(i);(ii);(iii);(iv);(vii);(viii)",Terrestrial,0,0,26.2,26.2193501120125,Not Applicable,0,Designated,2020,Not Reported,Not Applicable,Joint ownership,Not Reported,"Conservator of Forest Muzaffarpur Circle
Department of Environment and Forests 
Aranya Vihar, Gandak Colony, Shirpur, Post Office –MIC, Beta  
Muzaffarpur, Bihar",Site management information available at: https://rsis.ramsar.org/ris/2436,State Verified,2123,IND,IND,More information available at: https://rsis.ramsar.org/ris/2436,Not Applicable,Not Reported,Not Applicable
Polygon,555795321,555795321,PA,Asan Conservation Reserve,"Asan Barrage, Rampurmandi",Wetland of International Importance (Ramsar Site),Wetland of International Importance (Ramsar Site),International,IV,"(ii);(iii);(iv);(vi);(viii)",Terrestrial,0,0,4.444,4.39022806867009,Not Applicable,0,Designated,2020,Not Reported,Not Applicable,State,Not Applicable,"1. Forest Department. 2. Uttarakhand Jal Vidyut Nigam Limited, UJVNL. 3. Revenue Department. 4. Uttarakhand Forest Development Corporation. 5. Tourism Department",Site management information available at: https://rsis.ramsar.org/ris/2437,State Verified,2123,IND,IND,More information available at: https://rsis.ramsar.org/ris/2437,Not Applicable,Not Reported,Not Applicable
Polygon,555795324,555795324,PA,Sur Sarovar,Keetham Jheel,Wetland of International Importance (Ramsar Site),Wetland of International Importance (Ramsar Site),International,IV,"(ii);(iii);(iv);(v);(vi);(vii)",Terrestrial,0,0,4.31,4.31062650875644,Not Applicable,0,Designated,2020,Not Reported,Not Applicable,State,Not Applicable,"Patna Bird Sanctuary; National Chambal Sanctuary Project; National Chambal Sanctuary Project",Site management information available at: https://rsis.ramsar.org/ris/2440,State Verified,2123,IND,IND,More information available at: https://rsis.ramsar.org/ris/2440,Not Applicable,Not Reported,Not Applicable
Polygon,555795325,555795325,PA,Lonar Lake,Lonar Sarovar,Wetland of International Importance (Ramsar Site),Wetland of International Importance (Ramsar Site),International,III,"(i);(ii);(iii);(iv)",Terrestrial,0,0,4.27,4.27718989722236,Not Applicable,0,Designated,2020,Not Reported,Not Applicable,Joint ownership,Not Reported,"Office of Divisional Forest Officer Wildlife Akola Division, Akola",Site management information available at: https://rsis.ramsar.org/ris/2441,State Verified,2123,IND,IND,More information available at: https://rsis.ramsar.org/ris/2441,Not Applicable,Not Reported,Not Applicable
Polygon,555795327,555795327,PA,Tso Kar Wetland Complex,Tso Kar Wetland Complex,Wetland of International Importance (Ramsar Site),Wetland of International Importance (Ramsar Site),International,Ib,"(i);(ii);(iii);(iv)",Terrestrial,0,0,95.77,95.8942782156324,Not Applicable,0,Designated,2020,Not Reported,Not Applicable,State,Not Applicable,"Department of Wildlife Protection, Government of Union Territory of Ladakh.",Site management information available at: https://rsis.ramsar.org/ris/2443,State Verified,2123,IND,IND,More information available at: https://rsis.ramsar.org/ris/2443,Not Applicable,Not Reported,Not Applicable
Polygon,555795336,555795336,PA,Wadhvana Wetland,Wadhavana Lake,Wetland of International Importance (Ramsar Site),Wetland of International Importance (Ramsar Site),International,Not Reported,"(ii);(iii);(iv);(v);(vi);(vii)",Terrestrial,0,0,6.3,6.36000276538661,Not Applicable,0,Designated,2021,Not Reported,Not Applicable,State,Not Applicable,Gujarat Forest Department,Site management information available at: https://rsis.ramsar.org/ris/2454,State Verified,2123,IND,IND,More information available at: https://rsis.ramsar.org/ris/2454,Not Applicable,Not Reported,Not Applicable
Polygon,555795339,555795339,PA,Sultanpur National Park,Sultanpur National Park,Wetland of International Importance (Ramsar Site),Wetland of International Importance (Ramsar Site),International,Not Reported,"(ii);(iv);(v);(vi)",Terrestrial,0,0,1.4252,1.43295888617859,Not Applicable,0,Designated,2021,Not Reported,Not Applicable,State,Not Applicable,"Forest and Wildlife Department, Government of Haryana",Site management information available at: https://rsis.ramsar.org/ris/2457,State Verified,2123,IND,IND,More information available at: https://rsis.ramsar.org/ris/2457,Not Applicable,Not Reported,Not Applicable
Polygon,555795340,555795340,PA,Thol Lake Wildlife Sanctuary,Thol Lake Wildlife Sanctuary,Wetland of International Importance (Ramsar Site),Wetland of International Importance (Ramsar Site),International,Not Reported,"(ii);(iii);(iv);(v);(vi)",Terrestrial,0,0,6.99,6.8443133105135,Not Applicable,0,Designated,2021,Not Reported,Not Applicable,Joint ownership,Not Reported,Office of Deputy Conservator of Forests,Site management information available at: https://rsis.ramsar.org/ris/2458,State Verified,2123,IND,IND,More information available at: https://rsis.ramsar.org/ris/2458,Not Applicable,Not Reported,Not Applicable
Polygon,555795341,555795341,PA,Bhindawas Wildlife Sanctuary,Bhindawas Wildlife Sanctuary,Wetland of International Importance (Ramsar Site),Wetland of International Importance (Ramsar Site),International,Not Reported,"(ii);(iii);(iv);(vi)",Terrestrial,0,0,4.12,4.1222632225827,Not Applicable,0,Designated,2021,Not Reported,Not Applicable,State,Not Applicable,"Forest and Wildlife Department, Government of Haryana, India",Site management information available at: https://rsis.ramsar.org/ris/2459,State Verified,2123,IND,IND,More information available at: https://rsis.ramsar.org/ris/2459,Not Applicable,Not Reported,Not Applicable
Polygon,555795345,555795345,PA,Haiderpur Wetland,Haiderpur Wetland,Wetland of International Importance (Ramsar Site),Wetland of International Importance (Ramsar Site),International,IV,"(ii);(iii);(iv);(v);(vi)",Terrestrial,0,0,69.08,68.9980577372943,Not Applicable,0,Designated,2021,Not Reported,Not Applicable,Joint ownership,Not Reported,"Forest and Irrigation Department, Government of Uttar Pradesh",Site management information available at: https://rsis.ramsar.org/ris/2463,State Verified,2123,IND,IND,More information available at: https://rsis.ramsar.org/ris/2463,Not Applicable,Not Reported,Not Applicable
Polygon,555795346,555795346,PA,Khijadia Wildlife Sanctuary,Khijadiya Pakshi Abhyaranya,Wetland of International Importance (Ramsar Site),Wetland of International Importance (Ramsar Site),International,IV,"(ii);(iii);(iv);(v);(vi);(viii)",Terrestrial,0,0,5.11745,5.10234058868705,Not Applicable,0,Designated,2021,Not Reported,Not Applicable,State,Not Applicable,"Marine National Park, Jamnagar.
Gujarat Forest Department.",Site management information available at: https://rsis.ramsar.org/ris/2464,State Verified,2123,IND,IND,More information available at: https://rsis.ramsar.org/ris/2464,Not Applicable,Not Reported,Not Applicable
Polygon,555795347,555795347,PA,Bakhira Wildlife Sanctuary,Bakhira Bird Sanctuary,Wetland of International Importance (Ramsar Site),Wetland of International Importance (Ramsar Site),International,IV,"(ii);(iii);(iv);(viii)",Terrestrial,0,0,28.94,28.9445228147947,Not Applicable,0,Designated,2021,Not Reported,Not Applicable,State,Not Applicable,"Divisional Forest Officer, Sant Kabir Nagar district
Uttar Pradesh",Site management information available at: https://rsis.ramsar.org/ris/2465,State Verified,2123,IND,IND,More information available at: https://rsis.ramsar.org/ris/2465,Not Applicable,Not Reported,Not Applicable
Polygon,555795351,555795351,PA,Satkosia Gorge,Satkosia Gorge,Wetland of International Importance (Ramsar Site),Wetland of International Importance (Ramsar Site),International,II,"(ii);(iii);(iv);(v);(vii)",Terrestrial,0,0,981.9672,981.511116507689,Not Applicable,0,Designated,2021,Not Reported,Not Applicable,Joint ownership,Not Reported,"Divisional Forest Officer(DFO), Satkosia(WL) Division, Angul",Site management information available at: https://rsis.ramsar.org/ris/2470,State Verified,2123,IND,IND,More information available at: https://rsis.ramsar.org/ris/2470,Not Applicable,Not Reported,Not Applicable
Polygon,555795352,555795352,PA,Nanda Lake,Nanda Lake,Wetland of International Importance (Ramsar Site),Wetland of International Importance (Ramsar Site),International,Not Reported,"(i);(ii);(iii)",Terrestrial,0,0,0.4201,0.420363964939787,Not Applicable,0,Designated,2022,Not Reported,Not Applicable,Joint ownership,Not Reported,Goa State Wetland Authority,Site management information available at: https://rsis.ramsar.org/ris/2471,State Verified,2123,IND,IND,More information available at: https://rsis.ramsar.org/ris/2471,Not Applicable,Not Reported,Not Applicable
Polygon,555795353,555795353,PA,Gulf of Mannar Marine Biosphere Reserve,Mannar Valaiguda in Tamil,Wetland of International Importance (Ramsar Site),Wetland of International Importance (Ramsar Site),International,Not Reported,"(i);(ii);(iii);(iv);(ix);(v);(vi);(vii);(viii)",Marine,0,519.874862111166,526.71876,526.718757488631,Not Reported,0,Designated,2022,Not Reported,Not Applicable,Joint ownership,Not Reported,Full information available from the Ramsar Sites Information Service (RSIS) website - https://rsis.ramsar.org/ris/2472,Site management information available at: https://rsis.ramsar.org/ris/2472,State Verified,2123,IND,IND,More information available at: https://rsis.ramsar.org/ris/2472,Not Applicable,Not Applicable,Not Applicable
Polygon,555795354,555795354,PA,Ranganathittu Bird Sanctuary,Ranganathittu Bird Sanctuary,Wetland of International Importance (Ramsar Site),Wetland of International Importance (Ramsar Site),International,IV,"(ii);(iii);(iv);(vi);(vii);(viii)",Terrestrial,0,0,5.177,5.15513357682986,Not Applicable,0,Designated,2022,Not Reported,Not Applicable,Joint ownership,Not Reported,"Wildlife Division, Karnataka Forest Department",Site management information available at: https://rsis.ramsar.org/ris/2473,State Verified,2123,IND,IND,More information available at: https://rsis.ramsar.org/ris/2473,Not Applicable,Not Reported,Not Applicable
Polygon,555795355,555795355,PA,Vembannur Wetland Complex,Vembannur Wetland Complex,Wetland of International Importance (Ramsar Site),Wetland of International Importance (Ramsar Site),International,Not Reported,"(ii);(iii);(iv);(vi)",Terrestrial,0,0,0.19746,0.197455203819689,Not Applicable,0,Designated,2022,Not Reported,Not Applicable,State,Not Applicable,"Tamil Nadu Forest Department, Kanyakumari District",Site management information available at: https://rsis.ramsar.org/ris/2474,State Verified,2123,IND,IND,More information available at: https://rsis.ramsar.org/ris/2474,Not Applicable,Not Reported,Not Applicable
Polygon,555795356,555795356,PA,Vellode Bird Sanctuary,Periyakulam Yeri,Wetland of International Importance (Ramsar Site),Wetland of International Importance (Ramsar Site),International,Not Reported,"(ii);(iii);(v)",Terrestrial,0,0,0.77185,0.793970871075968,Not Applicable,0,Designated,2022,Not Reported,Not Applicable,Joint ownership,Not Reported,"Tamil Nadu Forest Department, Erode District",Site management information available at: https://rsis.ramsar.org/ris/2475,State Verified,2123,IND,IND,More information available at: https://rsis.ramsar.org/ris/2475,Not Applicable,Not Reported,Not Applicable
Polygon,555795357,555795357,PA,Udhayamarthandapuram Bird Sanctuary,Udhayamarthandapuram Bird Sanctuary,Wetland of International Importance (Ramsar Site),Wetland of International Importance (Ramsar Site),International,IV,"(ii);(iii);(iv);(v)",Terrestrial,0,0,0.43767,0.437667486439852,Not Applicable,0,Designated,2022,Not Reported,Not Applicable,Joint ownership,Not Reported,"Tamil Nadu Forest Department, Thiruvarur District",Site management information available at: https://rsis.ramsar.org/ris/2476,State Verified,2123,IND,IND,More information available at: https://rsis.ramsar.org/ris/2476,Not Applicable,Not Reported,Not Applicable
Polygon,555795358,555795358,PA,Vedanthangal Bird Sanctuary,Vedanthangal Bird Sanctuary,Wetland of International Importance (Ramsar Site),Wetland of International Importance (Ramsar Site),International,IV,"(ii);(iii);(iv);(v);(vi);(vii);(viii)",Terrestrial,0,0,0.40348,0.403477207125461,Not Applicable,0,Designated,2022,Not Reported,Not Applicable,State,Not Applicable,"Tamil Nadu Forest Department, Wildlife Division, Chennai",Site management information available at: https://rsis.ramsar.org/ris/2477,State Verified,2123,IND,IND,More information available at: https://rsis.ramsar.org/ris/2477,Not Applicable,Not Reported,Not Applicable
Polygon,555795359,555795359,PA,Sirpur Wetland,Sirpur Wetland,Wetland of International Importance (Ramsar Site),Wetland of International Importance (Ramsar Site),International,V,"(ii);(iii);(iv);(vii)",Terrestrial,0,0,1.61,1.65075286513494,Not Applicable,0,Designated,2022,Not Reported,Not Applicable,Joint ownership,Not Reported,"1.	Site Management: Indore Municipal Corporation
2.	MP State Wetland Authority-Nodal Department: Environment, Deptt. GoMP, Secretariat: EPCO, Bhopal",Site management information available at: https://rsis.ramsar.org/ris/2478,State Verified,2123,IND,IND,More information available at: https://rsis.ramsar.org/ris/2478,Not Applicable,Not Reported,Not Applicable
Polygon,555795360,555795360,PA,Koonthankulam Bird Sanctuary,Kunthankulam,Wetland of International Importance (Ramsar Site),Wetland of International Importance (Ramsar Site),International,Not Reported,"(iii);(iv);(v);(vi)",Terrestrial,0,0,0.7204,0.720473936632795,Not Applicable,0,Designated,2021,Not Reported,Not Applicable,State,Not Applicable,"Tamil Nadu Forest Department, Tirunelveli District",Site management information available at: https://rsis.ramsar.org/ris/2479,State Verified,2123,IND,IND,More information available at: https://rsis.ramsar.org/ris/2479,Not Applicable,Not Reported,Not Applicable
Polygon,555795361,555795361,PA,Karikili Bird Sanctuary,Karikili Bird Sanctuary,Wetland of International Importance (Ramsar Site),Wetland of International Importance (Ramsar Site),International,V,"(iii);(iv);(vi);(vii)",Terrestrial,0,0,0.58442,0.584421136800952,Not Applicable,0,Designated,2022,Not Reported,Not Applicable,State,Not Applicable,"Tamil Nadu Forest Department, Wildlife Division, Chennai",Site management information available at: https://rsis.ramsar.org/ris/2480,State Verified,2123,IND,IND,More information available at: https://rsis.ramsar.org/ris/2480,Not Applicable,Not Reported,Not Applicable
Polygon,555795362,555795362,PA,Pallikaranai Marsh Reserve Forest,Kazhuveli local name,Wetland of International Importance (Ramsar Site),Wetland of International Importance (Ramsar Site),International,Not Reported,"(i);(ii);(iii);(iv);(vi);(vii);(viii)",Terrestrial,0,0,12.47537,12.4753676105387,Not Applicable,0,Designated,2022,Not Reported,Not Applicable,Joint ownership,Not Reported,"Tamil Nadu State Wetland Authority, Forest Department, Government of Tamil Nadu",Site management information available at: https://rsis.ramsar.org/ris/2481,State Verified,2123,IND,IND,More information available at: https://rsis.ramsar.org/ris/2481,Not Applicable,Not Reported,Not Applicable
Polygon,555795363,555795363,PA,Pichavaram Mangrove,Thillai Vanam,Wetland of International Importance (Ramsar Site),Wetland of International Importance (Ramsar Site),International,V,"(i);(ii);(iii);(iv);(v);(vi);(vii);(viii)",Coastal,0,4.06875857557756,14.78642,14.7864206480968,Not Reported,0,Designated,2022,Not Reported,Not Applicable,Joint ownership,Not Reported,"Cuddalore District 
Local Office : Forest Range Office, Pichavaram Range, Chidambaram 
Control Office : District forest Officer, Cuddalore Division, Cuddalore district",Site management information available at: https://rsis.ramsar.org/ris/2482,State Verified,2123,IND,IND,More information available at: https://rsis.ramsar.org/ris/2482,Not Applicable,Not Reported,Not Applicable
Polygon,555795364,555795364,PA,Sakhya Sagar,Chandpatha Lake,Wetland of International Importance (Ramsar Site),Wetland of International Importance (Ramsar Site),International,II,"(ii);(iii);(vii)",Terrestrial,0,0,2.48,2.48498223795067,Not Applicable,0,Designated,2022,Not Reported,Not Applicable,Joint ownership,Not Reported,"1.	Site Management: Park Director and  Forest Department, Government of Madhya Pradesh
2.	MP State Wetland Authority-Nodal Department: Environment, Deptt. GoMP, Secretariat: EPCO, Bhopal",Site management information available at: https://rsis.ramsar.org/ris/2483,State Verified,2123,IND,IND,More information available at: https://rsis.ramsar.org/ris/2483,Not Applicable,Not Reported,Not Applicable
Polygon,555795365,555795365,PA,Pala Wetland,Palak Wetland,Wetland of International Importance (Ramsar Site),Wetland of International Importance (Ramsar Site),International,Not Reported,"(i);(ii);(iii);(iv)",Terrestrial,0,0,18.5,18.5097298507689,Not Applicable,0,Designated,2021,Not Reported,Not Applicable,State,Not Applicable,"Environment and Forest Department, Mara Autonomous District Council region,
Siaha, Mizoram, India",Site management information available at: https://rsis.ramsar.org/ris/2484,State Verified,2123,IND,IND,More information available at: https://rsis.ramsar.org/ris/2484,Not Applicable,Not Reported,Not Applicable
Polygon,555795367,555795367,PA,Kanjirankulam Bird Sanctuary,"Kanjirankulam Kanmai Tamil – Indian language, one of the oldest spoken languages extant",Wetland of International Importance (Ramsar Site),Wetland of International Importance (Ramsar Site),International,Not Reported,"(ii);(iii);(vi);(vii);(viii)",Terrestrial,0,0,0.96891,0.968907917821702,Not Applicable,0,Designated,2022,Not Reported,Not Applicable,Joint ownership,Not Reported,"Currently, the bund is under the control of PWD (Public Works Department) and they manage it in terms of repair and maintenance works. The administration of the sanctuary is under the control of Forest department.",Site management information available at: https://rsis.ramsar.org/ris/2486,State Verified,2123,IND,IND,More information available at: https://rsis.ramsar.org/ris/2486,Not Applicable,Not Reported,Not Applicable
Polygon,555795368,555795368,PA,Ansupa Lake,Ansupa Lake,Wetland of International Importance (Ramsar Site),Wetland of International Importance (Ramsar Site),International,IV,"(ii);(vii);(viii)",Terrestrial,0,0,2.31,2.30981006957158,Not Applicable,0,Designated,2021,Not Reported,Not Applicable,Joint ownership,Not Reported,Chilika Development Authority,Site management information available at: https://rsis.ramsar.org/ris/2487,State Verified,2123,IND,IND,More information available at: https://rsis.ramsar.org/ris/2487,Not Applicable,Not Reported,Not Applicable
Polygon,555795369,555795369,PA,Shallbugh Wetland Conservation Reserve,Shallabugh Rakh,Wetland of International Importance (Ramsar Site),Wetland of International Importance (Ramsar Site),International,IV,"(i);(ii);(iii);(iv)",Terrestrial,0,0,16.75,16.8522768493276,Not Applicable,0,Designated,2022,Not Reported,Not Applicable,State,Not Applicable,"Department of Wildlife Protection, Government of UT of Jammu & Kashmir",Site management information available at: https://rsis.ramsar.org/ris/2488,State Verified,2123,IND,IND,More information available at: https://rsis.ramsar.org/ris/2488,Not Applicable,Not Reported,Not Applicable
Polygon,555795370,555795370,PA,Tampara Lake,Tampara patta,Wetland of International Importance (Ramsar Site),Wetland of International Importance (Ramsar Site),International,Not Reported,"(ii);(iii);(vii);(viii)",Terrestrial,0,0,3,3.00819557208056,Not Applicable,0,Designated,2021,Not Reported,Not Applicable,Joint ownership,Not Reported,Office of the Divisional Forest Officer,Site management information available at: https://rsis.ramsar.org/ris/2489,State Verified,2123,IND,IND,More information available at: https://rsis.ramsar.org/ris/2489,Not Applicable,Not Reported,Not Applicable
Polygon,555795371,555795371,PA,Thane Creek,Thane Creek,Wetland of International Importance (Ramsar Site),Wetland of International Importance (Ramsar Site),International,Not Reported,"(i);(ii);(iii);(iv);(v);(vi);(vii);(viii)",Coastal,0,19.1188052143172,65.2108,65.6900877195581,Not Reported,0,Designated,2022,Not Reported,Not Applicable,Joint ownership,Not Reported,Mangrove Cell of Forest Department of Maharashtra,Site management information available at: https://rsis.ramsar.org/ris/2490,State Verified,2123,IND,IND,More information available at: https://rsis.ramsar.org/ris/2490,Not Applicable,Not Reported,Not Applicable
Polygon,555795372,555795372,PA,Chitrangudi Bird Sanctuary,Chitrangudi Kanmoli,Wetland of International Importance (Ramsar Site),Wetland of International Importance (Ramsar Site),International,Not Reported,"(iii);(iv);(vi)",Terrestrial,0,0,2.6047,2.60474207348506,Not Applicable,0,Designated,2021,Not Reported,Not Applicable,State,Not Applicable,"Tamil Nadu Forest Department, Ramanathapuram District",Site management information available at: https://rsis.ramsar.org/ris/2491,State Verified,2123,IND,IND,More information available at: https://rsis.ramsar.org/ris/2491,Not Applicable,Not Reported,Not Applicable
Polygon,555795373,555795373,PA,Suchindram Theroor Wetland Complex,Suchindram Theroor Wetland Complex,Wetland of International Importance (Ramsar Site),Wetland of International Importance (Ramsar Site),International,Not Reported,"(ii);(iii);(iv);(v);(vi);(vii)",Terrestrial,0,0,0.94229,0.942288522864613,Not Applicable,0,Designated,2022,Not Reported,Not Applicable,Joint ownership,Not Reported,DISTRICT FOREST OFFICE,Site management information available at: https://rsis.ramsar.org/ris/2492,State Verified,2123,IND,IND,More information available at: https://rsis.ramsar.org/ris/2492,Not Applicable,Not Reported,Not Applicable
Polygon,555795374,555795374,PA,Vaduvur Bird Sanctuary,Vaduvur Bird Sanctuary,Wetland of International Importance (Ramsar Site),Wetland of International Importance (Ramsar Site),International,Not Reported,"(ii);(iii);(iv);(v);(vi)",Terrestrial,0,0,1.12638,1.12637918795258,Not Applicable,0,Designated,2022,Not Reported,Not Applicable,Joint ownership,Not Reported,"Tamil Nadu Forest Department, Thiruvarur District",Site management information available at: https://rsis.ramsar.org/ris/2493,State Verified,2123,IND,IND,More information available at: https://rsis.ramsar.org/ris/2493,Not Applicable,Not Reported,Not Applicable
Polygon,555795375,555795375,PA,Hirakud Reservoir,Hirakud Reservoir,Wetland of International Importance (Ramsar Site),Wetland of International Importance (Ramsar Site),International,Not Reported,"(i);(ii);(iii);(iv);(v);(vi);(viii)",Terrestrial,0,0,654,654.351195371976,Not Applicable,0,Designated,2021,Not Reported,Not Applicable,Joint ownership,Not Reported,"Divisional Forest Officer, Hirakud Wildlife Division, Sambalpur",Site management information available at: https://rsis.ramsar.org/ris/2494,State Verified,2123,IND,IND,More information available at: https://rsis.ramsar.org/ris/2494,Not Applicable,Not Reported,Not Applicable
Polygon,555795376,555795376,PA,Yashwant Sagar,Yashwant Sagar Dam,Wetland of International Importance (Ramsar Site),Wetland of International Importance (Ramsar Site),International,Not Reported,"(ii);(iii);(iv);(v);(vii);(viii)",Terrestrial,0,0,8.229,8.23105439198575,Not Applicable,0,Designated,2022,Not Reported,Not Applicable,State,Not Applicable,Full information available from the Ramsar Sites Information Service (RSIS) website - https://rsis.ramsar.org/ris/2495,Site management information available at: https://rsis.ramsar.org/ris/2495,State Verified,2123,IND,IND,More information available at: https://rsis.ramsar.org/ris/2495,Not Applicable,Not Reported,Not Applicable
Polygon,555795377,555795377,PA,Hygam Wetland Conservation Reserve,Hygam rakh,Wetland of International Importance (Ramsar Site),Wetland of International Importance (Ramsar Site),International,IV,"(i);(ii);(iii);(v);(vi)",Terrestrial,0,0,8.0182,8.01820089482683,Not Applicable,0,Designated,2022,Not Reported,Not Applicable,State,Not Applicable,"Department of Wildlife Protection, Government of UT of Jammu & Kashmir",Site management information available at: https://rsis.ramsar.org/ris/2496,State Verified,2123,IND,IND,More information available at: https://rsis.ramsar.org/ris/2496,Not Applicable,Not Reported,Not Applicable
Point,68008,68008,PA,Harike Lake,Harike Lake,Wetland of International Importance (Ramsar Site),Wetland of International Importance (Ramsar Site),International,Not Reported,Not Reported,Terrestrial,0,,41,,Not Applicable,0,Designated,1990,Not Reported,Not Applicable,Not Reported,Not Applicable,Not Reported,Management plan is implented and available,State Verified,1856,IND,IND,Not Applicable,Not Applicable,Not Reported,Not Applicable
Point,900551,900551,PA,Nilgiri,Nilgiri,UNESCO-MAB Biosphere Reserve,UNESCO-MAB Biosphere Reserve,International,Not Applicable,Not Applicable,Terrestrial,0,,5520,,Not Applicable,0,Designated,2000,Not Reported,Not Applicable,Not Reported,Not Applicable,Not Reported,Not Reported,State Verified,988,IND,IND,Not Applicable,Not Applicable,Not Reported,Not Applicable
Point,900665,900665,PA,Gulf of Mannar,Gulf of Mannar,UNESCO-MAB Biosphere Reserve,UNESCO-MAB Biosphere Reserve,International,Not Applicable,Not Applicable,Marine,0,,10500,,Not Reported,0,Designated,2001,Not Reported,Not Applicable,Not Reported,Not Applicable,Not Reported,Not Reported,State Verified,988,IND,IND,Not Applicable,Not Applicable,Not Applicable,Not Applicable
Point,900666,900666,PA,Sunderban,Sunderban,UNESCO-MAB Biosphere Reserve,UNESCO-MAB Biosphere Reserve,International,Not Applicable,Not Applicable,Marine,0,,9630,,Not Reported,0,Designated,2001,Not Reported,Not Applicable,Not Reported,Not Applicable,Not Reported,Not Reported,State Verified,988,IND,IND,Not Applicable,Not Applicable,Not Applicable,Not Applicable
Point,900695,900695,PA,Kanjli,Kanjli,Wetland of International Importance (Ramsar Site),Wetland of International Importance (Ramsar Site),International,Not Reported,(iii),Terrestrial,0,,1.83,,Not Applicable,0,Designated,2002,Not Reported,Not Applicable,Not Reported,Not Applicable,Not Reported,Management plan is implemented and is available,State Verified,1856,IND,IND,Not Applicable,Not Applicable,Not Reported,Not Applicable
Point,900696,900696,PA,Ropar,Ropar,Wetland of International Importance (Ramsar Site),Wetland of International Importance (Ramsar Site),International,Not Reported,"(ii);(iii)",Terrestrial,0,,13.65,,Not Applicable,0,Designated,2002,Not Reported,Not Applicable,Not Reported,Not Applicable,Not Reported,Management plan is not implented and not available,State Verified,1856,IND,IND,Not Applicable,Not Applicable,Not Reported,Not Applicable
Point,900768,900768,PA,Ashtamudi Wetland,Ashtamudi Wetland,Wetland of International Importance (Ramsar Site),Wetland of International Importance (Ramsar Site),International,Not Reported,"(i);(ii);(iii);(viii)",Marine,0,,614,,Not Reported,0,Designated,2002,Not Reported,Not Applicable,Not Reported,Not Applicable,Not Reported,Management plan is not implemented and not available,State Verified,1856,IND,IND,Not Applicable,Not Applicable,Not Applicable,Not Applicable
Point,900769,900769,PA,Bhitarkanika Mangroves,Bhitarkanika Mangroves,Wetland of International Importance (Ramsar Site),Wetland of International Importance (Ramsar Site),International,Not Reported,"(ii);(iv);(v);(viii)",Terrestrial,0,,650,,Not Applicable,0,Designated,2002,Not Reported,Not Applicable,Not Reported,Not Applicable,Not Reported,Management plan is not implemented and not available,State Verified,1856,IND,IND,Not Applicable,Not Applicable,Not Reported,Not Applicable
Point,900771,900771,PA,Deepor Beel,Deepor Beel,Wetland of International Importance (Ramsar Site),Wetland of International Importance (Ramsar Site),International,Not Reported,"(i);(ii);(iv);(vii);(viii)",Terrestrial,0,,40,,Not Applicable,0,Designated,2002,Not Reported,Not Applicable,Not Reported,Not Applicable,Not Reported,Management plan is not implemented and not available,State Verified,1856,IND,IND,Not Applicable,Not Applicable,Not Reported,Not Applicable
Point,900772,900772,PA,East Calcutta Wetlands,East Calcutta Wetlands,Wetland of International Importance (Ramsar Site),Wetland of International Importance (Ramsar Site),International,Not Reported,(i),Terrestrial,0,,125,,Not Applicable,0,Designated,2002,Not Reported,Not Applicable,Not Reported,Not Applicable,Not Reported,Management plan is not implemented and not available,State Verified,1856,IND,IND,Not Applicable,Not Applicable,Not Reported,Not Applicable
Point,900773,900773,PA,Kolleru Lake,Kolleru Lake,Wetland of International Importance (Ramsar Site),Wetland of International Importance (Ramsar Site),International,Not Reported,"(i);(ii);(iv);(v);(viii)",Terrestrial,0,,901,,Not Applicable,0,Designated,2002,Not Reported,Not Applicable,Not Reported,Not Applicable,Not Reported,Management plan is not implemented and not available,State Verified,1856,IND,IND,Not Applicable,Not Applicable,Not Reported,Not Applicable
Point,900774,900774,PA,Point Calimere Wildlife and Bird Sanctuary,Point Calimere Wildlife and Bird Sanctuary,Wetland of International Importance (Ramsar Site),Wetland of International Importance (Ramsar Site),International,Not Reported,"(ii);(v);(vi);(viii)",Marine,0,,385,,Not Reported,0,Designated,2002,Not Reported,Not Applicable,Not Reported,Not Applicable,Not Reported,Management plan is not implemented and not available,State Verified,1856,IND,IND,Not Applicable,Not Applicable,Not Applicable,Not Applicable
Point,900775,900775,PA,Pong Dam Lake,Pong Dam Lake,Wetland of International Importance (Ramsar Site),Wetland of International Importance (Ramsar Site),International,Not Reported,"(v);(viii)",Terrestrial,0,,156.62,,Not Applicable,0,Designated,2002,Not Reported,Not Applicable,Not Reported,Not Applicable,Not Reported,Management plan is implemented and is available,State Verified,1856,IND,IND,Not Applicable,Not Applicable,Not Reported,Not Applicable
Point,900776,900776,PA,Sasthamkotta Lake,Sasthamkotta Lake,Wetland of International Importance (Ramsar Site),Wetland of International Importance (Ramsar Site),International,Not Reported,"(i);(ii);(vii);(viii)",Terrestrial,0,,3.73,,Not Applicable,0,Designated,2002,Not Reported,Not Applicable,Not Reported,Not Applicable,Not Reported,Management plan is not implemented and not available,State Verified,1856,IND,IND,Not Applicable,Not Applicable,Not Reported,Not Applicable
Point,900777,900777,PA,Tsomoriri,Tsomoriri,Wetland of International Importance (Ramsar Site),Wetland of International Importance (Ramsar Site),International,Not Reported,"(i);(ii);(iv)",Terrestrial,0,,120,,Not Applicable,0,Designated,2002,Not Reported,Not Applicable,Not Reported,Not Applicable,Not Reported,Not Reported,State Verified,1856,IND,IND,Not Applicable,Not Applicable,Not Reported,Not Applicable
Point,900778,900778,PA,Vembanad-Kol Wetland,Vembanad-Kol Wetland,Wetland of International Importance (Ramsar Site),Wetland of International Importance (Ramsar Site),International,Not Reported,"(i);(ii);(iv);(v);(viii)",Terrestrial,0,,1512.5,,Not Applicable,0,Designated,2002,Not Reported,Not Applicable,Not Reported,Not Applicable,Not Reported,Management plan is not implemented and not available,State Verified,1856,IND,IND,Not Applicable,Not Applicable,Not Reported,Not Applicable
Point,900795,900795,PA,Bhoj Wetland,Bhoj Wetland,Wetland of International Importance (Ramsar Site),Wetland of International Importance (Ramsar Site),International,Not Reported,"(i);(iii);(v);(viii)",Terrestrial,0,,32.01,,Not Applicable,0,Designated,2002,Not Reported,Not Applicable,Not Reported,Not Applicable,Not Reported,Management plan is implemented and is available,State Verified,1856,IND,IND,Not Applicable,Not Applicable,Not Reported,Not Applicable
Point,902824,902824,PA,Chandertal Wetland,Chandertal Wetland,Wetland of International Importance (Ramsar Site),Wetland of International Importance (Ramsar Site),International,Not Reported,"(ii);(iii)",Terrestrial,0,,0.49,,Not Applicable,0,Designated,2005,Not Reported,Not Applicable,Not Reported,Not Applicable,Not Reported,Management plan is not implemented and not available,State Verified,1856,IND,IND,Not Applicable,Not Applicable,Not Reported,Not Applicable
Point,902825,902825,PA,Hokera Wetland,Hokera Wetland,Wetland of International Importance (Ramsar Site),Wetland of International Importance (Ramsar Site),International,Not Reported,"(ii);(iv);(v);(viii)",Terrestrial,0,,13.75,,Not Applicable,0,Designated,2005,Not Reported,Not Applicable,Not Reported,Not Applicable,Not Reported,Not Reported,State Verified,1856,IND,IND,Not Applicable,Not Applicable,Not Reported,Not Applicable
Point,902826,902826,PA,Renuka Wetland,Renuka Wetland,Wetland of International Importance (Ramsar Site),Wetland of International Importance (Ramsar Site),International,Not Reported,"(iii);(iv)",Terrestrial,0,,0.2,,Not Applicable,0,Designated,2005,Not Reported,Not Applicable,Not Reported,Not Applicable,Not Reported,Management plan is implemented and is available,State Verified,1856,IND,IND,Not Applicable,Not Applicable,Not Reported,Not Applicable
Point,902827,902827,PA,Rudrasagar Lake,Rudrasagar Lake,Wetland of International Importance (Ramsar Site),Wetland of International Importance (Ramsar Site),International,Not Reported,"(ii);(iii);(viii)",Terrestrial,0,,2.4,,Not Applicable,0,Designated,2005,Not Reported,Not Applicable,Not Reported,Not Applicable,Not Reported,Management plan is implemented and is available,State Verified,1856,IND,IND,Not Applicable,Not Applicable,Not Reported,Not Applicable
Point,902828,902828,PA,Surinsar-Mansar Lakes,Surinsar-Mansar Lakes,Wetland of International Importance (Ramsar Site),Wetland of International Importance (Ramsar Site),International,Not Reported,"(ii);(iii);(iv)",Terrestrial,0,,3.5,,Not Applicable,0,Designated,2005,Not Reported,Not Applicable,Not Reported,Not Applicable,Not Reported,Not Reported,State Verified,1856,IND,IND,Not Applicable,Not Applicable,Not Reported,Not Applicable
Point,902829,902829,PA,Upper Ganga River,Upper Ganga River,Wetland of International Importance (Ramsar Site),Wetland of International Importance (Ramsar Site),International,Not Reported,"(ii);(iii);(iv);(v);(vii)",Terrestrial,0,,265.9,,Not Applicable,0,Designated,2005,Not Reported,Not Applicable,Not Reported,Not Applicable,Not Reported,Management plan is implemented and is available,State Verified,1856,IND,IND,Not Applicable,Not Applicable,Not Reported,Not Applicable
Point,555547551,555547551,PA,Nokrek,Nokrek,UNESCO-MAB Biosphere Reserve,UNESCO-MAB Biosphere Reserve,International,Not Applicable,Not Applicable,Terrestrial,0,,47.8,,Not Applicable,0,Designated,2009,Not Reported,Not Applicable,Not Reported,Not Applicable,Not Reported,Not Reported,State Verified,1688,IND,IND,Not Applicable,Not Applicable,Not Reported,Not Applicable
Point,555547552,555547552,PA,Pachmarhi,Pachmarhi,UNESCO-MAB Biosphere Reserve,UNESCO-MAB Biosphere Reserve,International,Not Applicable,Not Applicable,Terrestrial,0,,524.37,,Not Applicable,0,Designated,2009,Not Reported,Not Applicable,Not Reported,Not Applicable,Not Reported,Not Reported,State Verified,1688,IND,IND,Not Applicable,Not Applicable,Not Reported,Not Applicable
Point,555547553,555547553,PA,Similipal,Similipal,UNESCO-MAB Biosphere Reserve,UNESCO-MAB Biosphere Reserve,International,Not Applicable,Not Applicable,Terrestrial,0,,845,,Not Applicable,0,Designated,2009,Not Reported,Not Applicable,Not Reported,Not Applicable,Not Reported,Not Reported,State Verified,1688,IND,IND,Not Applicable,Not Applicable,Not Reported,Not Applicable
Point,555555579,555555579,PA,Nalsarovar,Nalsarovar,Wetland of International Importance (Ramsar Site),Wetland of International Importance (Ramsar Site),International,Not Reported,"(i);(ii);(iii);(iv);(v);(vi)",Terrestrial,0,,120,,Not Applicable,0,Designated,2012,Not Reported,Not Applicable,Not Reported,Not Applicable,Not Reported,Management plan is implemented and is available,State Verified,1856,IND,IND,Not Applicable,Not Applicable,Not Reported,Not Applicable
